index,V2,min,max
34,Number of performances,104.721708872097,173.475623839062
