index,V2,min,max
60,Average Trip Length (miles),4.47770386297505,8.22277887343157
