index,V2,min,max
56,Average Trip Length (miles),4.16644745355532,8.09365633346936
