index,V2,min,max
40,Rating (%),49.5763505223304,82.241869302662
