index,V2,min,max
54,Proportion of trains delayed (%),6.93900218831199,11.7006517841272
