index,V2,min,max
12,Change in grade (marks),1.79948932863541,8.94031369186142
