index,V2,min,max
55,Average Trip Length (miles),6.52730300116083,9.29030731251176
