index,V2,min,max
48,Proportion of trains delayed (%),6.41513084109156,12.5039042854677
