index,V2,min,max
22,Spending per pupil (£),4052.48471717396,5039.61093129226
