index,V2,min,max
9,Marathon Time (mins),162.913533667864,207.222313817048
