index,V2,min,max
63,Average Trip Length (miles),4.61801756081374,9.12632910291441
