index,V2,min,max
26,Spending per pupil (£),4168.36230364862,5330.95340902939
