index,V2,min,max
62,Average Trip Length (miles),3.35021022458823,6.22781835854275
