index,V2,min,max
36,Number of performances,96.6727192470365,230.351654186838
