index,V2,min,max
52,Proportion of trains delayed (%),5.57433653117898,13.9137023614597
