index,V2,min,max
5,Marathon Time (mins),147.993984934354,205.373112102683
