index,V2,min,max
4,Marathon Time (mins),148.313395456637,180.319402006737
