index,V2,min,max
8,Marathon Time (mins),161.771254765894,211.42155673483
