index,V2,min,max
3,Marathon Time (mins),154.680789498692,203.319125079215
