index,V2,min,max
61,Average Trip Length (miles),3.54157673873388,9.05785072764164
