index,V2,min,max
6,Marathon Time (mins),161.866574924986,213.461983508363
