index,V2,min,max
31,Number of performances,99.6802156471263,195.116110769352
