index,V2,min,max
15,Change in grade (marks),3.25873251124642,8.3926149095886
