index,V2,min,max
33,Number of performances,87.6716621948096,194.328687459366
