index,V2,min,max
32,Number of performances,113.521232995641,222.279176946976
