index,V2,min,max
28,Number of performances,95.6547274825491,183.517887822107
