index,V2,min,max
18,Change in grade (marks),0.91957650880684,7.09466692678115
