index,V2,min,max
53,Proportion of trains delayed (%),6.14601538014166,13.4431315958768
