index,V2,min,max
2,Marathon Time (mins),158.147686439252,194.252372294849
