index,V2,min,max
43,Rating (%),56.8063797755327,86.6723128256015
