index,V2,min,max
1,Marathon Time (mins),169.158070994439,208.586682422851
