index,V2,min,max
51,Proportion of trains delayed (%),5.75091014536817,10.5723686653955
