index,V2,min,max
10,Change in grade (marks),1.2668577289146,8.47067500768939
