index,V2,min,max
25,Spending per pupil (£),4057.37872984383,5548.97674482055
