index,V2,min,max
46,Proportion of trains delayed (%),8.7354937807766,13.6701824598505
