index,V2,min,max
37,Rating (%),62.2317480508036,86.615710186018
