index,V2,min,max
58,Average Trip Length (miles),2.61239701612516,5.084950386588
