index,V2,min,max
42,Rating (%),74.1139165612535,91.0962205146062
