index,V2,min,max
24,Spending per pupil (£),4125.69569894568,5586.46852223106
