index,V2,min,max
30,Number of performances,103.743789104022,207.09800742543
