index,V2,min,max
59,Average Trip Length (miles),4.20098273265779,7.9237149793221
