index,V2,min,max
17,Change in grade (marks),1.59313969256875,7.9279232875299
