index,V2,min,max
44,Rating (%),45.0643692907187,71.2140275447984
