index,V2,min,max
45,Rating (%),49.1717065876681,77.313833500615
