index,V2,min,max
47,Proportion of trains delayed (%),7.68654246571957,13.0903275014891
