index,V2,min,max
27,Spending per pupil (£),3738.86056428184,4984.48663452621
