index,V2,min,max
35,Number of performances,133.908935670655,239.474192488324
