index,V2,min,max
41,Rating (%),58.1859011033599,82.3905221369703
