index,V2,min,max
13,Change in grade (marks),0.769547614530024,8.00426573856511
