index,V2,min,max
57,Average Trip Length (miles),3.34757579998139,7.63700907787181
