index,V2,min,max
39,Rating (%),64.395310514556,85.4300928004019
