index,V2,min,max
38,Rating (%),62.9269423748194,92.3923816613979
