index,V2,min,max
16,Change in grade (marks),0.0710483925549559,6.28807624986257
