index,V2,min,max
20,Spending per pupil (£),4083.42698827031,5011.72489289643
