index,V2,min,max
21,Spending per pupil (£),3883.63289610782,5086.61567180961
