index,V2,min,max
19,Spending per pupil (£),3807.47849820998,5615.24908843515
