index,V2,min,max
29,Number of performances,81.0208414594962,205.123445142192
