index,V2,min,max
14,Change in grade (marks),0.505405669068229,6.95253899114383
