index,V2,min,max
7,Marathon Time (mins),165.093026321641,212.523095781408
