index,V2,min,max
11,Change in grade (marks),2.08659491867628,6.49288173881968
