index,V2,min,max
49,Proportion of trains delayed (%),7.76086104530402,11.4706719628508
