index,V2,min,max
23,Spending per pupil (£),3828.30008246294,4939.98363224181
