x,mean,sd,min_value,max_value,index,label
Germany,15737.776744187924,1461.6412784082966,13440.8426339365,19433.702856337,69,gp1_label
UK,15771.799235218676,1752.9914957050437,12781.428860162,20208.3481440305,69,gp2_label
USA,18032.636200588266,1773.867683208402,14260.3896807636,22046.1860893158,69,gp3_label
