x,mean,sd,min_value,max_value,index,label
Montreal,6.961623557276828,0.5510986083449179,5.71347330334984,7.99484303417444,60,gp1_label
Toronto,7.070101185747276,0.570320029158089,6.17975823011219,8.22277887343157,60,gp2_label
Vancouver,5.990215567461271,0.613726523071665,4.47770386297505,6.94252604116689,60,gp3_label
