x,mean,sd,min_value,max_value,index,label
Mr. James,4.468179605303775,1.1337544585210821,2.44231515441589,7.09466692678115,18,gp1_label
Mr. Walker,4.151606419309114,0.994225813214799,2.70627957445949,5.78507743908599,18,gp2_label
Mrs. Wilson,2.829590378521608,1.1832777274006803,0.91957650880684,4.95375185857353,18,gp3_label
