x,mean,sd,min_value,max_value,index,label
Indonesia,14321.948697942937,1527.018704876698,11557.2783133551,16817.1549408895,67,gp1_label
Philippines,10307.073812210383,1436.267658682917,7924.72248105456,13164.6365590666,67,gp2_label
Thailand,10270.447098918277,1426.8382139440237,6552.6023379161,13152.1076164162,67,gp3_label
