x,mean,sd,min_value,max_value,index,label
Milan,168.38114544178924,14.007133592381383,139.615932571862,195.336713664089,32,gp1_label
Naples,148.48957055461105,14.560413258771181,113.521232995641,172.117559817113,32,gp2_label
Rome,170.4808022079906,17.048239147138815,149.31413110451,222.279176946976,32,gp3_label
