x,mean,sd,min_value,max_value,index,label
Plymouth,4303.749246270085,226.29320553035518,3946.78557451673,4939.98363224181,23,gp1_label
Portsmouth,4561.3888189159925,143.65083033902766,4257.66708053198,4885.33754930901,23,gp2_label
Sheffield,4257.244254307678,241.64502922905208,3828.30008246294,4710.31277409909,23,gp3_label
