x,mean,sd,min_value,max_value,index,label
Brisbane,7.951036568649403,0.6638867674158611,6.52996927940758,9.05785072764164,61,gp1_label
Melbourne,4.962454212322378,0.6267797053754502,3.54157673873388,6.49995966183318,61,gp2_label
Sydney,5.071359014257178,0.5632893505865184,4.1851494171276,6.34811369128053,61,gp3_label
