x,mean,sd,min_value,max_value,index,label
Berlin,178.92894331281184,14.72522751632761,136.869827527267,207.09800742543,30,gp1_label
Frankfurt,178.60752094839725,17.178979475728063,137.16007270632,204.135657951647,30,gp2_label
Munich,127.19104457703779,15.380063466983383,103.743789104022,157.383656910902,30,gp3_label
