x,mean,sd,min_value,max_value,index,label
Algeria,175.14501899096803,6.131777466763464,165.345854703048,187.437067389695,9,gp1_label
Egypt,174.94935974524572,8.306676050210056,162.913533667864,190.633335272541,9,gp2_label
South Africa,196.19208706786054,6.627567085791282,181.126250973871,207.222313817048,9,gp3_label
