x,mean,sd,min_value,max_value,index,label
Mr. Taylor,6.709951339045461,0.930909760492832,4.90117370459751,8.00426573856511,13,gp1_label
Mrs. Patel,3.226830675599784,0.8880817260092864,1.58135456557136,5.14805546650925,13,gp2_label
Mrs. White,2.6796488733223387,0.7870621841715583,0.769547614530024,4.17150493650831,13,gp3_label
