x,mean,sd,min_value,max_value,index,label
Mr. Jackson,79.8207453871955,4.932376397265386,70.2854541741953,86.615710186018,37,gp1_label
Mrs. Brown,69.6895813884063,4.721882081915262,62.2317480508036,79.3311982263735,37,gp2_label
Mrs. Jones,71.04792196728451,3.646385358109052,64.5832548376732,78.5487235429289,37,gp3_label
