x,mean,sd,min_value,max_value,index,label
Mr. Lewis,78.1369103040013,4.337470215040883,71.1154801257693,86.6723128256015,43,gp1_label
Mrs. Clarke,65.84293520295385,3.813993593038972,59.4930592849752,74.2940728201263,43,gp2_label
Mrs. Wood,64.33683264325398,3.9641403514322113,56.8063797755327,71.0223296173826,43,gp3_label
