x,mean,sd,min_value,max_value,index,label
Birmingham,4253.060997771475,170.4595862425949,3738.86056428184,4525.40151943748,27,gp1_label
London,4377.432416216181,188.37174125673565,4047.25707021677,4709.47650914757,27,gp2_label
Manchester,4669.80986798488,188.22723039752125,4211.75084915463,4984.48663452621,27,gp3_label
