x,mean,sd,min_value,max_value,index,label
Detroit,4.816705676300207,0.5508493613540539,3.69180641780299,5.84906034221147,62,gp1_label
Las Vegas,4.507807068050949,0.5318348679475288,3.35021022458823,5.35985990469519,62,gp2_label
Seattle,5.151466367782492,0.5066139835438628,4.21245392223912,6.22781835854275,62,gp3_label
