x,mean,sd,min_value,max_value,index,label
Mr. Thomas,81.77202281521723,4.088729995145566,73.5116864905695,91.7270801875068,38,gp1_label
Mrs. Khan,73.05883560333028,5.072887592938382,62.9269423748194,83.5980166424083,38,gp2_label
Mrs. Wright,82.34576272515545,3.9643988842077804,77.1395188756475,92.3923816613979,38,gp3_label
