x,mean,sd,min_value,max_value,index,label
Blackpool,8.968933470650416,0.9266727665518988,6.92779127891524,10.5723686653955,51,gp1_label
Leeds,9.052866430255092,0.6641664003139419,7.91867501380994,10.4420874017555,51,gp2_label
Newcastle,7.1148107961937805,0.8161582524053616,5.75091014536817,9.14676206193046,51,gp3_label
