x,mean,sd,min_value,max_value,index,label
Brisbane,167.36574861721934,16.356106466159407,133.908935670655,202.454729232744,35,gp1_label
Melbourne,195.04634162090616,16.49818680699686,166.931239234809,239.474192488324,35,gp2_label
Sydney,164.81964283199534,17.982068122624725,138.247711140686,210.161858312232,35,gp3_label
