x,mean,sd,min_value,max_value,index,label
Mr. Thomas,3.52314392332542,0.8406292260207143,2.08659491867628,4.93409339051368,11,gp1_label
Mrs. Khan,5.014606332234105,0.8340061589174992,3.31696369013317,6.49288173881968,11,gp2_label
Mrs. Wright,3.951616817757476,1.148529459968237,2.2877270190014,6.23970893139172,11,gp3_label
