x,mean,sd,min_value,max_value,index,label
Montreal,130.8985118268083,13.615719918297994,104.721708872097,157.298542556147,34,gp1_label
Toronto,147.6177733501629,15.144997784288993,115.552056503685,173.475623839062,34,gp2_label
Vancouver,148.95553627279563,12.368802143426986,112.606755292277,166.418462557845,34,gp3_label
