x,mean,sd,min_value,max_value,index,label
Bristol,5272.657498343375,176.13355053640453,4940.40082438401,5615.24908843515,19,gp1_label
Cambridge,4417.028770720613,231.86276333920983,3807.47849820998,4807.56500388933,19,gp2_label
Nottingham,4319.035049681239,199.1539558445046,3913.41889326531,4791.11078234108,19,gp3_label
