x,mean,sd,min_value,max_value,index,label
Argentina,181.65770974789433,6.448189637769577,169.790065801829,192.405845120135,2,gp1_label
Brazil,166.82437477414763,4.8034932034738445,158.147686439252,175.502734535388,2,gp2_label
Colombia,182.30042333072254,4.6899920129490065,176.261869847561,194.252372294849,2,gp3_label
