x,mean,sd,min_value,max_value,index,label
Bristol,10.168955790748548,0.6933765363203042,8.7354937807766,12.0398838908751,46,gp1_label
Cambridge,11.856072572182713,0.6628766363457707,10.74103066903,13.6504663693544,46,gp2_label
Nottingham,12.109985278318678,0.8181218361335175,10.5374759300773,13.6701824598505,46,gp3_label
