x,mean,sd,min_value,max_value,index,label
Beijing,138.00973415904116,17.89733789934917,105.611122722284,183.516033893936,29,gp1_label
Hong Kong,180.4931810374231,11.151089321081356,165.507300437179,205.123445142192,29,gp2_label
Shanghai,134.56486164064512,20.398543987303558,81.0208414594962,170.775873172783,29,gp3_label
