x,mean,sd,min_value,max_value,index,label
Derby,4621.9574456505925,192.11951982460207,4148.6277791891,4999.54684401419,20,gp1_label
Leicester,4397.801335109148,194.88253937032832,4083.42698827031,4853.85711208144,20,gp2_label
Norwich,4673.352401499645,181.46727822852074,4424.37961782198,5011.72489289643,20,gp3_label
