x,mean,sd,min_value,max_value,index,label
Bradford,6.898986680632696,0.763560226193088,5.57433653117898,9.59795964810064,52,gp1_label
Oxford,11.915379284404004,0.6780989695680281,10.8061999655636,13.0040431170469,52,gp2_label
Sunderland,11.978062916615428,0.9725592534805486,10.1963300114911,13.9137023614597,52,gp3_label
