x,mean,sd,min_value,max_value,index,label
Ethiopia,194.7325967217372,6.95791239863647,183.540214684008,208.958022631014,8,gp1_label
Kenya,174.13828325762663,7.556741550196513,161.771254765894,186.241226867691,8,gp2_label
Nigeria,194.8396671984786,5.603048500227336,185.21832005225,211.42155673483,8,gp3_label
