x,mean,sd,min_value,max_value,index,label
Bangladesh,9880.323499866488,1667.7456927466496,7368.08656798375,14148.7904102035,64,gp1_label
India,10673.908286518006,2137.364908281895,6801.3998546525,15823.959564696,64,gp2_label
Pakistan,11093.641302168458,2051.7856821538935,6498.40955557706,15030.7529667924,64,gp3_label
