x,mean,sd,min_value,max_value,index,label
Chicago,125.99595565811005,18.954990805720765,95.6547274825491,162.726974642829,28,gp1_label
Miami,156.30465187490162,15.187768780425607,118.448240600267,176.897555581371,28,gp2_label
New York,161.22497172808804,11.61763542038393,135.542181603044,183.517887822107,28,gp3_label
