x,mean,sd,min_value,max_value,index,label
Derby,9.15585076324569,0.8151426064514106,7.98007789051666,11.6412176406627,47,gp1_label
Leicester,12.090626016695987,0.6034553708113004,10.5914890442334,13.0903275014891,47,gp2_label
Norwich,8.924489318188614,0.8367288753728557,7.68654246571957,10.5112651453591,47,gp3_label
