x,mean,sd,min_value,max_value,index,label
Chicago,5.918382066387662,0.6719312936323475,4.61801756081374,7.58780589619276,63,gp1_label
Miami,5.92471670622649,0.6240251956259111,4.88217162307225,7.0524405987645,63,gp2_label
New York,8.11196980671834,0.6097359532476975,6.16412818439253,9.12632910291441,63,gp3_label
