x,mean,sd,min_value,max_value,index,label
Germany,191.41864357232905,6.2893483608383605,180.506934191986,203.94920270197,6,gp1_label
UK,191.36381240935492,7.82723731699845,176.958382143576,213.461983508363,6,gp2_label
USA,174.73845324981116,5.450882267762336,161.866574924986,182.621728347127,6,gp3_label
