x,mean,sd,min_value,max_value,index,label
France,10456.10368096751,2015.3075754118918,5836.09409968905,15397.8346706732,70,gp1_label
Italy,13320.067496281463,1375.2117764722284,11379.7087653208,16413.2447018543,70,gp2_label
Spain,12245.896146499046,1524.5928058595632,8200.33683028022,13948.8011131837,70,gp3_label
