x,mean,sd,min_value,max_value,index,label
Milan,3.627008158054843,0.47754198892460575,2.61239701612516,4.52774093557564,58,gp1_label
Naples,3.947862436448831,0.6835996677957755,2.65465850610047,5.03378107388114,58,gp2_label
Rome,3.9327744902230033,0.518333136797933,3.20999871833026,5.084950386588,58,gp3_label
