x,mean,sd,min_value,max_value,index,label
Birmingham,8.844139546209082,0.6821015174516949,7.66979534645457,10.8954048954194,54,gp1_label
London,8.97885071445602,0.919311883392355,7.35914266068818,11.7006517841272,54,gp2_label
Manchester,8.131448481659206,0.6783582199921969,6.93900218831199,9.62083654963944,54,gp3_label
