x,mean,sd,min_value,max_value,index,label
Argentina,8432.709944934662,1937.76085664125,5238.83283301678,14151.2892916362,65,gp1_label
Brazil,12795.665318684572,2095.6172741777054,9484.54802799513,16698.9185899711,65,gp2_label
Colombia,8470.161388157368,1608.5442789136869,5615.73940191214,13122.1135736794,65,gp3_label
