x,mean,sd,min_value,max_value,index,label
Brighton,4856.1843711058555,159.8187634997675,4453.97686967863,5148.77115928014,26,gp1_label
Liverpool,4579.18453338517,191.82932222413584,4168.36230364862,4907.54812301926,26,gp2_label
Northampton,4893.672401015083,198.127374896445,4571.19944778979,5330.95340902939,26,gp3_label
