x,mean,sd,min_value,max_value,index,label
Algeria,11248.013121302592,1368.4774032022874,8706.98182634654,14547.412631087,72,gp1_label
Egypt,11372.540628166153,2271.22374487133,6777.38000751697,15026.902661959,72,gp2_label
South Africa,7618.575314825439,1698.4996891025253,3662.39454890105,11005.2435639268,72,gp3_label
