x,mean,sd,min_value,max_value,index,label
Indonesia,159.4716855939827,5.816881795027958,148.313395456637,167.572073761802,4,gp1_label
Philippines,169.4750272678707,6.235735188133836,160.148928694552,180.319402006737,4,gp2_label
Thailand,166.13013557275676,6.242850650566342,153.297668233029,177.735860564638,4,gp3_label
