x,mean,sd,min_value,max_value,index,label
Bangladesh,196.14354642026672,6.121611422432648,182.535909259883,207.462826535524,1,gp1_label
India,185.65404860927478,7.487045505725429,169.158070994439,201.064415462916,1,gp2_label
Pakistan,187.33457009227595,7.542350308681462,172.397362117383,208.586682422851,1,gp3_label
