x,mean,sd,min_value,max_value,index,label
Brighton,7.497252184621861,0.6321674750168407,6.4897507552599,8.65294177375445,53,gp1_label
Liverpool,12.020902615105296,0.8304863919510695,10.2345883492377,13.4431315958768,53,gp2_label
Northampton,7.51427909174944,0.7348714373575655,6.14601538014166,9.03437884595047,53,gp3_label
