x,mean,sd,min_value,max_value,index,label
Mr. Hall,82.6313391332219,4.443430378952412,74.3630541664917,89.4925297612428,42,gp1_label
Mr. Robinson,84.14676084026983,4.320609104058571,76.8702582754266,91.0962205146062,42,gp2_label
Mrs. Davies,81.61539653294992,3.449280758997702,74.1139165612535,86.3925899212232,42,gp3_label
