x,mean,sd,min_value,max_value,index,label
Mr. Roberts,67.30430169777533,4.252739867845207,58.1859011033599,73.8470379299125,41,gp1_label
Mrs. Evans,74.59470852633585,4.2042611806719625,66.7986519996775,82.3905221369703,41,gp2_label
Mrs. Phillips,67.73915669874732,4.334550783096801,60.044199276344,78.6370077382552,41,gp3_label
