x,mean,sd,min_value,max_value,index,label
Mr. Taylor,57.73046301481661,4.2798794239534015,49.5763505223304,68.309055940385,40,gp1_label
Mrs. Patel,74.14778436271303,4.475510020363262,64.2272406230343,81.7999612313857,40,gp2_label
Mrs. White,74.42726882072033,4.231354125670994,66.5771694667048,82.241869302662,40,gp3_label
