x,mean,sd,min_value,max_value,index,label
Mr. Ali,63.87983072586807,3.3783981498220883,58.1183079952177,70.003255370381,44,gp1_label
Mr. Thompson,54.774952790928175,4.69464520066532,45.0643692907187,62.3610821572045,44,gp2_label
Mrs. Green,64.417232335089,4.078873021667837,57.2294892742507,71.2140275447984,44,gp3_label
