x,mean,sd,min_value,max_value,index,label
France,198.21068549513555,6.597875437967271,178.932687802462,212.523095781408,7,gp1_label
Italy,181.45879727476154,6.559440447740726,169.218079552069,193.270511258012,7,gp2_label
Spain,178.80272381951858,6.900346043156722,165.093026321641,194.122460949424,7,gp3_label
