x,mean,sd,min_value,max_value,index,label
Plymouth,10.806321596717341,0.6678130342029898,9.07604370438126,12.4485808139631,50,gp1_label
Portsmouth,7.192501868890567,0.942813796082287,5.529785653665,9.66572063525821,50,gp2_label
Sheffield,10.901372444504187,0.6016845258117799,9.69855242027229,11.7155870797787,50,gp3_label
