x,mean,sd,min_value,max_value,index,label
China,18631.169492920188,1597.2335639189373,15324.6696758169,21014.137790148,66,gp1_label
Japan,18669.33464847744,1698.1227164312045,16085.9527246677,20896.6363459148,66,gp2_label
Vietnam,14994.03639993185,1471.8206582518555,11740.3317232287,17742.6453513568,66,gp3_label
