x,mean,sd,min_value,max_value,index,label
Mr. Hall,5.645790907647941,1.0895460044826841,3.25873251124642,7.23407085467572,15,gp1_label
Mr. Robinson,5.9979304871152594,0.8788936508974579,4.3495081389724,7.53433782471163,15,gp2_label
Mrs. Davies,6.681119248179874,0.8765271377662696,4.46675440359773,8.3926149095886,15,gp3_label
