x,mean,sd,min_value,max_value,index,label
Hull,4174.889491007148,195.05061845718382,3883.63289610782,4584.93085755623,21,gp1_label
Middlesbrough,4338.293875973471,171.43780334838206,3961.74698698327,4653.20274255051,21,gp2_label
Southampton,4781.206445076135,190.04230959611763,4383.85117177021,5086.61567180961,21,gp3_label
