x,mean,sd,min_value,max_value,index,label
Iran,13144.077370514147,2160.053014875458,9018.29962801152,16951.9190411535,68,gp1_label
Russia,8144.197062984593,2070.5715555420834,4644.74428990713,12802.3106728504,68,gp2_label
Turkey,13097.37971204805,1625.945192015223,9604.65926196969,16751.9348003218,68,gp3_label
