x,mean,sd,min_value,max_value,index,label
Iran,161.85411156110973,5.957117376060269,149.600112118954,171.786485806952,5,gp1_label
Russia,191.74985027102258,7.652083150424279,176.996125812227,205.373112102683,5,gp2_label
Turkey,164.95625138370804,7.707690448210379,147.993984934354,181.886241501546,5,gp3_label
