x,mean,sd,min_value,max_value,index,label
Mr. Lewis,2.7780441510083618,1.1996494888901543,0.0710483925549559,4.8516458819859,16,gp1_label
Mrs. Clarke,5.036632664650319,0.5711191598049181,3.755396604735,5.96293878712684,16,gp2_label
Mrs. Wood,4.791701786933023,0.8088971215101953,3.30504201473394,6.28807624986257,16,gp3_label
