x,mean,sd,min_value,max_value,index,label
Mr. Ali,3.7889256331999492,1.2113820136136266,1.60273848536494,6.06405348945808,17,gp1_label
Mr. Thompson,6.131173228617604,0.865698511135349,4.3806112386253,7.9279232875299,17,gp2_label
Mrs. Green,3.6992873391455454,0.970064907571366,1.59313969256875,6.12343162844961,17,gp3_label
