x,mean,sd,min_value,max_value,index,label
Mr. Johnson,6.911805519337023,0.7685755378210761,5.46393382765781,8.36219639425412,12,gp1_label
Mr. Smith,7.073166036861389,1.043250123359317,4.9967411323569,8.94031369186142,12,gp2_label
Mr. Williams,3.1774869584860452,0.8806529791303619,1.79948932863541,4.94516308487849,12,gp3_label
