x,mean,sd,min_value,max_value,index,label
Mr. Jackson,3.64041409624176,1.093106112135284,1.2668577289146,5.95296148851823,10,gp1_label
Mrs. Brown,5.863559718190138,1.1554388155403001,3.21950860239641,8.47067500768939,10,gp2_label
Mrs. Jones,6.121634290015006,0.8495847228419617,3.63155584764749,7.43244809779812,10,gp3_label
