x,mean,sd,min_value,max_value,index,label
Coventry,4432.422425937649,190.65701483022377,4095.76572026345,4760.05220313984,22,gp1_label
Luton,4614.657679188763,218.68157408638754,4286.0665025032,5039.61093129226,22,gp2_label
Stoke-on-Trent,4567.529492547187,182.6742295087555,4052.48471717396,5023.00889811283,22,gp3_label
