x,mean,sd,min_value,max_value,index,label
Mr. Johnson,73.58486412025225,4.753859124361128,64.395310514556,83.0487932687171,39,gp1_label
Mr. Smith,74.72385205709229,4.169614881558139,66.6088120197539,82.1352827629016,39,gp2_label
Mr. Williams,79.19043977605911,3.3126989831681826,73.9768952831918,85.4300928004019,39,gp3_label
