x,mean,sd,min_value,max_value,index,label
Berlin,6.683843355470148,0.5112363070412858,5.99355092653132,8.09365633346936,56,gp1_label
Frankfurt,5.525444861500724,0.6208880863364225,4.16644745355532,6.47634029801573,56,gp2_label
Munich,6.369342298934149,0.5393134963921168,5.18704023034216,7.21633079429807,56,gp3_label
