x,mean,sd,min_value,max_value,index,label
Los Angeles,5.421749091056722,0.6876129842878436,4.20098273265779,7.20759630242473,59,gp1_label
San Diego,7.0041781547168585,0.6314271592539527,5.61871873524987,7.9237149793221,59,gp2_label
San Francisco,5.543467306525605,0.4747389972494565,4.86610131879978,6.42884065712061,59,gp3_label
