x,mean,sd,min_value,max_value,index,label
China,168.181070096604,7.467895265727106,154.680789498692,184.530802350262,3,gp1_label
Japan,170.65165029224016,5.732410822609815,157.145775620203,181.294610242387,3,gp2_label
Vietnam,187.99089879586754,7.385306483690444,172.348467387095,203.319125079215,3,gp3_label
