x,mean,sd,min_value,max_value,index,label
Mr. Roberts,4.625957035690633,0.8798249355842889,2.7350328925238,5.78434802244117,14,gp1_label
Mrs. Evans,2.7265547055518082,1.136480835883186,0.505405669068229,5.13410550325793,14,gp2_label
Mrs. Phillips,4.609177251409934,0.9845071203481046,3.00082873212719,6.95253899114383,14,gp3_label
