x,mean,sd,min_value,max_value,index,label
Hull,11.326784456842894,0.6968721425656954,9.84211687610396,12.5039042854677,48,gp1_label
Middlesbrough,10.847311155907406,0.8296876900592901,9.70403617367485,12.3142725955143,48,gp2_label
Southampton,7.809627635304183,0.8581846087666566,6.41513084109156,9.72172442336452,48,gp3_label
