x,mean,sd,min_value,max_value,index,label
Bradford,5144.904408708115,226.90667177381505,4620.2878282204,5548.97674482055,25,gp1_label
Oxford,4485.582083420671,219.657631354091,4074.48384313673,4905.67976459913,25,gp2_label
Sunderland,4465.825686479144,190.52860116641114,4057.37872984383,4820.42577750311,25,gp3_label
