x,mean,sd,min_value,max_value,index,label
Detroit,193.01444568728013,17.330929834368433,170.106543229599,230.351654186838,36,gp1_label
Las Vegas,190.64997239360937,15.050651002777196,161.887488967241,221.762475080463,36,gp2_label
Seattle,120.34539030777306,16.178797100842594,96.6727192470365,155.900225310599,36,gp3_label
