x,mean,sd,min_value,max_value,index,label
Barcelona,167.01977653810428,13.022501300663246,143.130254444093,195.116110769352,31,gp1_label
Madrid,132.30185014933005,16.11207965575637,105.999980577245,173.762083252515,31,gp2_label
Valencia,127.97893441876481,15.31509467432878,99.6802156471263,152.709270558679,31,gp3_label
