x,mean,sd,min_value,max_value,index,label
Ethiopia,7774.445518070194,1776.8655446149583,3905.78460349653,11443.2497475459,71,gp1_label
Kenya,8836.93384804661,1921.9925288736365,5200.8012087249,13223.5873268152,71,gp2_label
Nigeria,8264.30987133423,1853.2325938497977,3015.8485241779,11771.9607555303,71,gp3_label
