x,mean,sd,min_value,max_value,index,label
Mr. James,59.499498325392985,3.7327538063009493,49.1717065876681,66.5257122656965,45,gp1_label
Mr. Walker,60.65435574200611,3.80314608180586,53.5996259663774,66.9278522681009,45,gp2_label
Mrs. Wilson,68.6977344438315,4.305058108841489,61.641584240645,77.313833500615,45,gp3_label
