x,mean,sd,min_value,max_value,index,label
Los Angeles,127.58661342178353,16.93050657287069,87.6716621948096,161.435711480693,33,gp1_label
San Diego,121.83414646362289,19.358217552449837,93.274765319382,172.769521969428,33,gp2_label
San Francisco,171.13894650168484,13.193219121808132,144.830502646092,194.328687459366,33,gp3_label
