x,mean,sd,min_value,max_value,index,label
Beijing,8.2180567407802,0.5112958880860877,7.36801154077182,9.29030731251176,55,gp1_label
Hong Kong,7.6294482360190905,0.5527650554578082,6.84217905168417,8.64983491114903,55,gp2_label
Shanghai,7.59172688669113,0.4931770485292714,6.52730300116083,8.40878201380082,55,gp3_label
