x,mean,sd,min_value,max_value,index,label
Coventry,9.78846841073209,0.7206745598485707,8.2046128399306,11.4706719628508,49,gp1_label
Luton,9.239537361006995,0.8446355025445541,8.17090593118023,11.0865505298655,49,gp2_label
Stoke-on-Trent,9.043730057640241,0.8156384303741031,7.76086104530402,10.4093054264052,49,gp3_label
