x,mean,sd,min_value,max_value,index,label
Barcelona,4.4261546583767295,0.5777658137624603,3.34757579998139,5.33599589186316,57,gp1_label
Madrid,4.56320018444815,0.5487588120537623,3.49488855098055,5.77846033123796,57,gp2_label
Valencia,6.088652801986079,0.5524704459385253,5.2705057265946,7.63700907787181,57,gp3_label
