x,mean,sd,min_value,max_value,index,label
Blackpool,5021.322570564521,219.4112018119921,4530.58923577541,5440.40285292704,24,gp1_label
Leeds,4972.433872805642,230.32248507468853,4606.91479391499,5586.46852223106,24,gp2_label
Newcastle,4406.63561191868,152.55194958311083,4125.69569894568,4691.3369843822,24,gp3_label
